/*
 Navicat Premium Data Transfer

 Source Server         : localhost
 Source Server Type    : MySQL
 Source Server Version : 80019
 Source Host           : localhost:3306
 Source Schema         : resume

 Target Server Type    : MySQL
 Target Server Version : 80019
 File Encoding         : 65001

 Date: 31/05/2020 20:59:43
*/

SET NAMES utf8mb4;
SET FOREIGN_KEY_CHECKS = 0;

-- ----------------------------
-- Table structure for country
-- ----------------------------
DROP TABLE IF EXISTS `country`;
CREATE TABLE `country`  (
  `id` int(0) NOT NULL AUTO_INCREMENT,
  `name` varchar(255) CHARACTER SET utf8 COLLATE utf8_general_ci NOT NULL,
  `nationality` varchar(255) CHARACTER SET utf8 COLLATE utf8_general_ci NOT NULL,
  PRIMARY KEY (`id`) USING BTREE,
  UNIQUE INDEX `UK_nationality_country`(`name`) USING BTREE
) ENGINE = InnoDB AUTO_INCREMENT = 4 AVG_ROW_LENGTH = 8192 CHARACTER SET = utf8 COLLATE = utf8_general_ci ROW_FORMAT = Dynamic;

-- ----------------------------
-- Records of country
-- ----------------------------
INSERT INTO `country` VALUES (1, 'Azerbaijan', 'Azeri');
INSERT INTO `country` VALUES (2, 'Albania', 'Albanian');
INSERT INTO `country` VALUES (3, 'Bahrain', 'Bahrainan');

-- ----------------------------
-- Table structure for employement_history
-- ----------------------------
DROP TABLE IF EXISTS `employement_history`;
CREATE TABLE `employement_history`  (
  `id` int(0) NOT NULL AUTO_INCREMENT,
  `header` varchar(255) CHARACTER SET utf8 COLLATE utf8_general_ci NULL DEFAULT NULL,
  `begin_date` date NULL DEFAULT NULL,
  `end_date` date NULL DEFAULT NULL,
  `job_description` varchar(255) CHARACTER SET utf8 COLLATE utf8_general_ci NULL DEFAULT NULL,
  `user_id` int(0) NOT NULL,
  PRIMARY KEY (`id`) USING BTREE,
  INDEX `FK_employment_history_user_id`(`user_id`) USING BTREE,
  CONSTRAINT `employement_history_ibfk_1` FOREIGN KEY (`user_id`) REFERENCES `user` (`id`) ON DELETE RESTRICT ON UPDATE RESTRICT
) ENGINE = InnoDB AUTO_INCREMENT = 2 CHARACTER SET = utf8 COLLATE = utf8_general_ci ROW_FORMAT = Dynamic;

-- ----------------------------
-- Records of employement_history
-- ----------------------------
INSERT INTO `employement_history` VALUES (1, 'Developer', '2019-01-21', '2019-01-22', 'asdfsds', 1);

-- ----------------------------
-- Table structure for oauth_access_token
-- ----------------------------
DROP TABLE IF EXISTS `oauth_access_token`;
CREATE TABLE `oauth_access_token`  (
  `authentication_id` varchar(255) CHARACTER SET utf8 COLLATE utf8_general_ci NOT NULL,
  `token_id` varchar(255) CHARACTER SET utf8 COLLATE utf8_general_ci NOT NULL,
  `token` blob NOT NULL,
  `user_name` varchar(255) CHARACTER SET utf8 COLLATE utf8_general_ci NULL DEFAULT NULL,
  `client_id` varchar(255) CHARACTER SET utf8 COLLATE utf8_general_ci NULL DEFAULT NULL,
  `authentication` blob NULL,
  `refresh_token` varchar(255) CHARACTER SET utf8 COLLATE utf8_general_ci NULL DEFAULT NULL
) ENGINE = InnoDB CHARACTER SET = utf8 COLLATE = utf8_general_ci ROW_FORMAT = Dynamic;

-- ----------------------------
-- Records of oauth_access_token
-- ----------------------------
INSERT INTO `oauth_access_token` VALUES ('f55cd8b7fd321ee268a9661ab1c1dda1', '825511c229d3d0382791de89c5f7d899', 0xACED0005737200436F72672E737072696E676672616D65776F726B2E73656375726974792E6F61757468322E636F6D6D6F6E2E44656661756C744F4175746832416363657373546F6B656E0CB29E361B24FACE0200064C00156164646974696F6E616C496E666F726D6174696F6E74000F4C6A6176612F7574696C2F4D61703B4C000A65787069726174696F6E7400104C6A6176612F7574696C2F446174653B4C000C72656672657368546F6B656E74003F4C6F72672F737072696E676672616D65776F726B2F73656375726974792F6F61757468322F636F6D6D6F6E2F4F417574683252656672657368546F6B656E3B4C000573636F706574000F4C6A6176612F7574696C2F5365743B4C0009746F6B656E547970657400124C6A6176612F6C616E672F537472696E673B4C000576616C756571007E00057870737200176A6176612E7574696C2E4C696E6B6564486173684D617034C04E5C106CC0FB0200015A000B6163636573734F72646572787200116A6176612E7574696C2E486173684D61700507DAC1C31660D103000246000A6C6F6164466163746F724900097468726573686F6C6478703F40000000000001770800000002000000017400036A746974002463366630646135612D616334382D343163312D393439612D66333862343530393963386178007372000E6A6176612E7574696C2E44617465686A81014B597419030000787077080000017166B33B557870737200256A6176612E7574696C2E436F6C6C656374696F6E7324556E6D6F6469666961626C65536574801D92D18F9B80550200007872002C6A6176612E7574696C2E436F6C6C656374696F6E7324556E6D6F6469666961626C65436F6C6C656374696F6E19420080CB5EF71E0200014C0001637400164C6A6176612F7574696C2F436F6C6C656374696F6E3B7870737200176A6176612E7574696C2E4C696E6B656448617368536574D86CD75A95DD2A1E020000787200116A6176612E7574696C2E48617368536574BA44859596B8B7340300007870770C000000103F40000000000001740004726561647874000662656172657274014F65794A68624763694F694A49557A49314E694973496E523563434936496B705856434A392E65794A68645751694F6C7369636D567A6457316C59584270496C3073496E567A5A584A66626D46745A534936496D46736157317859584E70625739325147647459576C734C6D4E7662534973496E4E6A6233426C496A7062496E4A6C59575169585377695A586877496A6F784E5467324E5459314F5455304C434A686458526F62334A7064476C6C6379493657794A565530565349697769556B394D5256395655305653496C3073496D703061534936496D4D325A6A426B595456684C57466A4E4467744E44466A4D5330354E446C684C57597A4F4749304E5441354F574D3459534973496D4E7361575675644639705A434936496D46736257456966512E32664666446278756746533637516C45644B4B51723734674D536C42537774543458587041766630563355, 'alimqasimov@gmail.com', 'alma', 0xACED0005737200416F72672E737072696E676672616D65776F726B2E73656375726974792E6F61757468322E70726F76696465722E4F417574683241757468656E7469636174696F6EBD400B02166252130200024C000D73746F7265645265717565737474003C4C6F72672F737072696E676672616D65776F726B2F73656375726974792F6F61757468322F70726F76696465722F4F4175746832526571756573743B4C00127573657241757468656E7469636174696F6E7400324C6F72672F737072696E676672616D65776F726B2F73656375726974792F636F72652F41757468656E7469636174696F6E3B787200476F72672E737072696E676672616D65776F726B2E73656375726974792E61757468656E7469636174696F6E2E416273747261637441757468656E7469636174696F6E546F6B656ED3AA287E6E47640E0200035A000D61757468656E746963617465644C000B617574686F7269746965737400164C6A6176612F7574696C2F436F6C6C656374696F6E3B4C000764657461696C737400124C6A6176612F6C616E672F4F626A6563743B787000737200266A6176612E7574696C2E436F6C6C656374696F6E7324556E6D6F6469666961626C654C697374FC0F2531B5EC8E100200014C00046C6973747400104C6A6176612F7574696C2F4C6973743B7872002C6A6176612E7574696C2E436F6C6C656374696F6E7324556E6D6F6469666961626C65436F6C6C656374696F6E19420080CB5EF71E0200014C00016371007E00047870737200136A6176612E7574696C2E41727261794C6973747881D21D99C7619D03000149000473697A65787000000002770400000002737200426F72672E737072696E676672616D65776F726B2E73656375726974792E636F72652E617574686F726974792E53696D706C654772616E746564417574686F7269747900000000000002080200014C0004726F6C657400124C6A6176612F6C616E672F537472696E673B7870740009524F4C455F555345527371007E000D740004555345527871007E000C707372003A6F72672E737072696E676672616D65776F726B2E73656375726974792E6F61757468322E70726F76696465722E4F41757468325265717565737400000000000000010200075A0008617070726F7665644C000B617574686F72697469657371007E00044C000A657874656E73696F6E7374000F4C6A6176612F7574696C2F4D61703B4C000B726564697265637455726971007E000E4C00077265667265736874003B4C6F72672F737072696E676672616D65776F726B2F73656375726974792F6F61757468322F70726F76696465722F546F6B656E526571756573743B4C000B7265736F7572636549647374000F4C6A6176612F7574696C2F5365743B4C000D726573706F6E7365547970657371007E0016787200386F72672E737072696E676672616D65776F726B2E73656375726974792E6F61757468322E70726F76696465722E426173655265717565737436287A3EA37169BD0200034C0008636C69656E74496471007E000E4C001172657175657374506172616D657465727371007E00144C000573636F706571007E00167870740004616C6D61737200256A6176612E7574696C2E436F6C6C656374696F6E7324556E6D6F6469666961626C654D6170F1A5A8FE74F507420200014C00016D71007E00147870737200116A6176612E7574696C2E486173684D61700507DAC1C31660D103000246000A6C6F6164466163746F724900097468726573686F6C6478703F400000000000067708000000080000000374000A6772616E745F7479706574000870617373776F7264740008757365726E616D65740015616C696D716173696D6F7640676D61696C2E636F6D74000573636F70657400047265616478737200256A6176612E7574696C2E436F6C6C656374696F6E7324556E6D6F6469666961626C65536574801D92D18F9B80550200007871007E0009737200176A6176612E7574696C2E4C696E6B656448617368536574D86CD75A95DD2A1E020000787200116A6176612E7574696C2E48617368536574BA44859596B8B7340300007870770C000000103F4000000000000171007E002378017371007E0027770C000000103F40000000000000787371007E001C3F40000000000000770800000010000000007870707371007E0027770C000000103F40000000000001740009726573756D65617069787371007E0027770C000000103F40000000000000787372004F6F72672E737072696E676672616D65776F726B2E73656375726974792E61757468656E7469636174696F6E2E557365726E616D6550617373776F726441757468656E7469636174696F6E546F6B656E00000000000002080200024C000B63726564656E7469616C7371007E00054C00097072696E636970616C71007E00057871007E0003017371007E00077371007E000B0000000277040000000271007E000F71007E00117871007E0031737200176A6176612E7574696C2E4C696E6B6564486173684D617034C04E5C106CC0FB0200015A000B6163636573734F726465727871007E001C3F400000000000067708000000080000000371007E001E71007E001F71007E002071007E002171007E002271007E0023780070737200326F72672E737072696E676672616D65776F726B2E73656375726974792E636F72652E7573657264657461696C732E5573657200000000000002080200075A00116163636F756E744E6F6E457870697265645A00106163636F756E744E6F6E4C6F636B65645A001563726564656E7469616C734E6F6E457870697265645A0007656E61626C65644C000B617574686F72697469657371007E00164C000870617373776F726471007E000E4C0008757365726E616D6571007E000E7870010101017371007E0024737200116A6176612E7574696C2E54726565536574DD98509395ED875B0300007870737200466F72672E737072696E676672616D65776F726B2E73656375726974792E636F72652E7573657264657461696C732E5573657224417574686F72697479436F6D70617261746F720000000000000208020000787077040000000271007E000F71007E0011787071007E0021, NULL);

-- ----------------------------
-- Table structure for oauth_refresh_token
-- ----------------------------
DROP TABLE IF EXISTS `oauth_refresh_token`;
CREATE TABLE `oauth_refresh_token`  (
  `token_id` varchar(255) CHARACTER SET utf8 COLLATE utf8_general_ci NOT NULL,
  `token` blob NOT NULL,
  `authentication` blob NOT NULL
) ENGINE = InnoDB CHARACTER SET = utf8 COLLATE = utf8_general_ci ROW_FORMAT = Dynamic;

-- ----------------------------
-- Records of oauth_refresh_token
-- ----------------------------

-- ----------------------------
-- Table structure for skill
-- ----------------------------
DROP TABLE IF EXISTS `skill`;
CREATE TABLE `skill`  (
  `id` int(0) NOT NULL AUTO_INCREMENT,
  `name` varchar(50) CHARACTER SET utf8 COLLATE utf8_general_ci NOT NULL,
  PRIMARY KEY (`id`) USING BTREE
) ENGINE = InnoDB AUTO_INCREMENT = 9 AVG_ROW_LENGTH = 2730 CHARACTER SET = utf8 COLLATE = utf8_general_ci ROW_FORMAT = Dynamic;

-- ----------------------------
-- Records of skill
-- ----------------------------
INSERT INTO `skill` VALUES (2, 'SCALA');
INSERT INTO `skill` VALUES (3, 'SQL');
INSERT INTO `skill` VALUES (4, 'JAVA');
INSERT INTO `skill` VALUES (5, 'PHP');
INSERT INTO `skill` VALUES (6, 'Python');
INSERT INTO `skill` VALUES (7, 'C++');
INSERT INTO `skill` VALUES (8, 'C#');

-- ----------------------------
-- Table structure for user
-- ----------------------------
DROP TABLE IF EXISTS `user`;
CREATE TABLE `user`  (
  `id` int(0) NOT NULL AUTO_INCREMENT,
  `name` varchar(55) CHARACTER SET utf8 COLLATE utf8_general_ci NULL DEFAULT NULL,
  `surname` varchar(55) CHARACTER SET utf8 COLLATE utf8_general_ci NULL DEFAULT NULL,
  `email` varchar(50) CHARACTER SET utf8 COLLATE utf8_general_ci NULL DEFAULT NULL,
  `phone` varchar(16) CHARACTER SET utf8 COLLATE utf8_general_ci NULL DEFAULT NULL,
  `password` varchar(255) CHARACTER SET utf8 COLLATE utf8_general_ci NULL DEFAULT NULL,
  `is_admin` tinyint(0) NULL DEFAULT NULL,
  `profile_description` text CHARACTER SET utf8 COLLATE utf8_general_ci NULL,
  `birthdate` date NULL DEFAULT NULL,
  `birthplace_id` int(0) NULL DEFAULT NULL,
  `nationality_id` int(0) NULL DEFAULT NULL,
  `address` varchar(255) CHARACTER SET utf8 COLLATE utf8_general_ci NULL DEFAULT NULL,
  PRIMARY KEY (`id`) USING BTREE,
  INDEX `FK_user_birthplace`(`birthplace_id`) USING BTREE,
  INDEX `FK_user_nationality`(`nationality_id`) USING BTREE,
  CONSTRAINT `FK_user_birthplace` FOREIGN KEY (`birthplace_id`) REFERENCES `country` (`id`) ON DELETE RESTRICT ON UPDATE RESTRICT,
  CONSTRAINT `FK_user_nationality` FOREIGN KEY (`nationality_id`) REFERENCES `country` (`id`) ON DELETE RESTRICT ON UPDATE RESTRICT
) ENGINE = InnoDB AUTO_INCREMENT = 20 AVG_ROW_LENGTH = 2730 CHARACTER SET = utf8 COLLATE = utf8_general_ci ROW_FORMAT = Dynamic;

-- ----------------------------
-- Records of user
-- ----------------------------
INSERT INTO `user` VALUES (1, 'xeyal', 'beylerov', 'xeyalbeylerov@gmail.com', '+99519140000', '$2a$04$7u5xFKOhwd4tKyZ9HNajY.disdAfCVg5dwFh/LfT7zXRbE558.uuu', NULL, 'SQL Developer', '1997-04-24', 1, 1, 'Baku');
INSERT INTO `user` VALUES (3, 'Anar', 'Kamilov', 'Anar@gmail.com', '+455676666', '$2a$04$7u5xFKOhwd4tKyZ9HNajY.disdAfCVg5dwFh/LfT7zXRbE558.uuu', NULL, 'Mwhasib', '1993-01-23', 1, 2, 'Nizami');
INSERT INTO `user` VALUES (5, 'Elnur', 'Qabilov', 'Elnur@gmail.com', '', '', NULL, 'BI Developer', NULL, 1, 2, 'Narimanov 75');
INSERT INTO `user` VALUES (6, 'Samir', 'Cabbarov2', '', '+94555656', '', NULL, 'PHP Developer', NULL, 1, 2, 'Samed Vurgun kuc. 55');
INSERT INTO `user` VALUES (7, 'Qalib', 'Imanov', '', '', '', NULL, 'PL/SQL  Developer', NULL, 1, 3, '');
INSERT INTO `user` VALUES (8, 'Kamil', 'Zabitov', 'kamil@gmail.com', '+94554343234', '', NULL, 'SQL Developer', '1997-01-12', 1, 1, 'Nizami 123');
INSERT INTO `user` VALUES (13, 'Xeyal', 'Beylerov', NULL, NULL, '$2a$04$KEtg2uHzXK.uISUwuHwP/OfEXtscMBkuZvQW7d1fNcIbSrEuoVIXW', NULL, 'SQL Developer', NULL, NULL, NULL, NULL);
INSERT INTO `user` VALUES (14, 'Xeyal', 'Beylerov', NULL, NULL, '$2a$04$BBFNGaZVD49n8ikjqxKZ1.oMM6xihQMM0otyyx6ynjfodUINP0hOu', NULL, 'PHP Developer', NULL, NULL, NULL, NULL);
INSERT INTO `user` VALUES (19, 'Xeyal', 'Beylerov', 'xeyalbeylerov2@mail.ru', '+994519140605', '$2a$04$iOwLpWYu3ja9327UyRuKDe.qqoLXCvmeXnKMx3I9l6ZLKdAS8Z0Ku', 1, '', NULL, 1, NULL, 'Baku');
INSERT INTO `user` VALUES (20, 'Xeyal', 'Beylerov', 'xeyalbeylerov@mail.ru', NULL, '$2a$04$QpTDL/6EVgnx5eyGAW.WuOEs38grcFQINXbCn3rEJ9u8S8i.ATgzS', NULL, NULL, NULL, NULL, NULL, NULL);

-- ----------------------------
-- Table structure for user_skill
-- ----------------------------
DROP TABLE IF EXISTS `user_skill`;
CREATE TABLE `user_skill`  (
  `id` int(0) NOT NULL AUTO_INCREMENT,
  `user_id` int(0) NULL DEFAULT NULL,
  `skill_id` int(0) NULL DEFAULT NULL,
  `power` int(0) NULL DEFAULT NULL,
  PRIMARY KEY (`id`) USING BTREE,
  INDEX `FK_user_skill_skill_id`(`skill_id`) USING BTREE,
  INDEX `FK_user_skill_user_id`(`user_id`) USING BTREE,
  CONSTRAINT `FK_user_skill_skill_id` FOREIGN KEY (`skill_id`) REFERENCES `skill` (`id`) ON DELETE SET NULL ON UPDATE SET NULL,
  CONSTRAINT `FK_user_skill_user_id` FOREIGN KEY (`user_id`) REFERENCES `user` (`id`) ON DELETE SET NULL ON UPDATE SET NULL
) ENGINE = InnoDB AUTO_INCREMENT = 12 AVG_ROW_LENGTH = 5461 CHARACTER SET = utf8 COLLATE = utf8_general_ci ROW_FORMAT = Dynamic;

-- ----------------------------
-- Records of user_skill
-- ----------------------------
INSERT INTO `user_skill` VALUES (6, 1, 3, 10);
INSERT INTO `user_skill` VALUES (9, 1, 2, 10);
INSERT INTO `user_skill` VALUES (10, 1, 7, 7);
INSERT INTO `user_skill` VALUES (11, 19, 4, 9);

SET FOREIGN_KEY_CHECKS = 1;
